 {
    "name": "magma20",
    "title": "Newage Custom Dice for Dice So Nice",
    "description": "Additional Dice presets and themes for Dice So Nice. Requires Dice So Nice module to work.",
    "version": "0.30",
	"author": "euwlo",
	"minimumCoreVersion": "0.7.5",
    "compatibleCoreVersion": "0.8.6",
	"dependencies": [
			{
			  "name": "dice-so-nice",
			  "manifest": "https://gitlab.com/riccisi/foundryvtt-dice-so-nice/raw/master/module/module.json"
			}
	],
	"scripts": [
		"scripts/magma20.js", "scripts/TPK.js", "scripts/Galaxy.js", "scripts/Alien.js"
	],
	"url": "https://github.com/euwlo/foundryvtt-magma20/",
	"manifest": "https://raw.githubusercontent.com/euwlo/foundryvtt-magma20/main/magma20/module.json",
	"download": "https://raw.githubusercontent.com/euwlo/foundryvtt-magma20/main/magma20.zip",
	"readme": "https://raw.githubusercontent.com/euwlo/foundryvtt-magma20/main/README.md"
}
